mix50_001	pets_1
mix50_002	concert_singer
mix50_003	car_1
mix50_004	concert_singer
mix50_005	pets_1
mix50_006	car_1
mix50_007	pets_1
mix50_008	car_1
mix50_009	concert_singer
mix50_010	concert_singer
mix50_011	pets_1
mix50_012	car_1
mix50_013	pets_1
mix50_014	car_1
mix50_015	concert_singer
mix50_016	pets_1
mix50_017	concert_singer
mix50_018	car_1
mix50_019	pets_1
mix50_020	car_1
mix50_021	concert_singer
mix50_022	concert_singer
mix50_023	car_1
mix50_024	pets_1
mix50_025	pets_1
mix50_026	concert_singer
mix50_027	car_1
mix50_028	pets_1
mix50_029	concert_singer
mix50_030	car_1
mix50_031	pets_1
mix50_032	car_1
mix50_033	concert_singer
mix50_034	pets_1
mix50_035	car_1
mix50_036	concert_singer
mix50_037	concert_singer
mix50_038	pets_1
mix50_039	car_1
mix50_040	car_1
mix50_041	pets_1
mix50_042	concert_singer
mix50_043	concert_singer
mix50_044	car_1
mix50_045	pets_1
mix50_046	pets_1
mix50_047	concert_singer
mix50_048	car_1
mix50_049	concert_singer
mix50_050	pets_1
